{
  "Ayasofya": [
    41.0085046,
    28.9800112
  ],
  "Sultanahmet Camii": [
    41.0053843,
    28.9768534
  ],
  "Topkapı Sarayı": [
    41.0129795,
    28.9840659
  ],
  "Yerebatan Sarnıcı": [
    41.0084795,
    28.9783826
  ],
  "Kapalıçarşı": [
    41.0107000,
    28.9680000
  ],
  "Süleymaniye Camii": [
    41.0162287,
    28.9639548
  ],
  "Dolmabahçe Sarayı": [
    41.0389605,
    28.9997735
  ],
  "Galata Kulesi": [
    41.0256406,
    28.9742134
  ],
  "Ortaköy Meydanı": [
    41.0475000,
    29.0272000
  ],
  "Çamlıca Tepesi": [
    41.0278163,
    29.0692717
  ],
  "Pierre Loti Tepesi": [
    41.0538000,
    28.9348000
  ],
  "Rumeli Hisarı": [
    41.0849171,
    29.0567125
  ],
  "Anadolu Hisarı": [
    41.0840924,
    29.0683684
  ],
  "Bebek Sahili": [
    41.0790159,
    29.0439589
  ],
  "Kız Kulesi": [
    41.0210488,
    29.0041322
  ],
  "İstanbul Modern": [
    41.025911,
    28.982812
  ],
  "Pera Müzesi": [
    41.0284233,
    28.9736808
  ],
  "Sakıp Sabancı Müzesi": [
    41.106019,
    29.0556289
  ],
  "Rahmi Koç Müzesi": [
    41.0419735,
    28.9485686
  ],
  "Arter": [
    41.0408994,
    28.9787641
  ],
  "Balat": [
    41.0320032,
    28.9482931
  ],
  "Fener": [
    41.0315000,
    28.9507000
  ],
  "Karaköy": [
    41.0228645,
    28.9740393
  ],
  "Kadıköy": [
    40.9912955,
    29.0245631
  ],
  "Moda": [
    40.9811687,
    29.0254706
  ],
  "Cihangir": [
    41.0330402,
    28.9853187
  ],
  "Nişantaşı": [
    41.0516865,
    28.9916962
  ],
  "Belgrad Ormanı": [
    41.1865993,
    28.9697777
  ],
  "Emirgan Korusu": [
    41.1090119,
    29.0525172
  ],
  "Yıldız Parkı": [
    41.0483019,
    29.0154226
  ],
  "Atatürk Arboretumu": [
    41.1771254,
    28.9810387
  ],
  "Polonezköy": [
    41.1100356,
    29.2118111
  ]
}
